retrieval,external,right,438
storage,internal,right,503
storage,internal,right,504
storage,internal,right,505
storage,internal,right,506
retrieval,external,right,66
retrieval,external,right,308
storage,internal,right,507
storage,internal,right,508
storage,internal,right,509
storage,internal,right,510
retrieval,external,right,121
retrieval,external,right,373
storage,internal,right,511
storage,internal,right,512
storage,internal,right,513
retrieval,external,right,298
retrieval,external,right,124
retrieval,external,right,190
retrieval,external,right,279
storage,internal,right,514
retrieval,external,right,170
retrieval,external,right,49
storage,internal,right,515
storage,internal,right,516
retrieval,external,right,33
storage,internal,right,517
storage,internal,right,518
storage,internal,right,519
storage,internal,right,520
retrieval,external,right,146
storage,internal,right,521
storage,internal,right,522
storage,internal,right,523
retrieval,external,right,426
storage,internal,right,524
storage,internal,right,525
retrieval,external,right,132
storage,internal,right,526
retrieval,external,right,4
retrieval,external,right,326
retrieval,external,right,140
storage,internal,right,527
storage,internal,right,528
storage,internal,right,529
retrieval,external,right,434
storage,internal,right,530
retrieval,external,right,18
retrieval,external,right,240
retrieval,external,right,420
retrieval,external,right,250
storage,internal,right,531
storage,internal,right,532
retrieval,external,right,205
retrieval,external,right,171
storage,internal,right,533
retrieval,external,right,160
storage,internal,right,534
retrieval,external,right,469
storage,internal,right,535
storage,internal,right,536
retrieval,external,right,257
retrieval,external,right,376
storage,internal,right,537
retrieval,external,right,397
storage,internal,right,538
retrieval,external,right,451
retrieval,external,right,25
storage,internal,right,539
storage,internal,right,540
storage,internal,right,541
retrieval,external,right,486
storage,internal,right,542
retrieval,external,right,227
storage,internal,right,543
retrieval,external,right,95
retrieval,external,right,379
retrieval,external,right,119
storage,internal,right,544
retrieval,external,right,344
retrieval,external,right,321
storage,internal,right,545
retrieval,external,right,406
storage,internal,right,546
storage,internal,right,547
retrieval,external,right,345
retrieval,external,right,181
retrieval,external,right,120
retrieval,external,right,11
storage,internal,right,548
storage,internal,right,549
retrieval,external,right,89
retrieval,external,right,63
retrieval,external,right,415
retrieval,external,right,343
storage,internal,right,550
retrieval,external,right,461
storage,internal,right,551
retrieval,external,right,456
retrieval,external,right,109
retrieval,external,right,353
retrieval,external,right,399
retrieval,external,right,319
storage,internal,right,552
storage,internal,right,553
storage,internal,right,554
storage,internal,right,555
retrieval,external,right,244
retrieval,external,right,103
retrieval,external,right,99
storage,internal,right,556
retrieval,external,right,236
retrieval,external,right,494
storage,internal,right,557
storage,internal,right,558
retrieval,external,right,452
storage,internal,right,559
retrieval,external,right,271
retrieval,external,right,387
retrieval,external,right,292
retrieval,external,right,165
storage,internal,right,560
retrieval,external,right,32
storage,internal,right,561
storage,internal,right,562
retrieval,external,right,336
storage,internal,right,563
storage,internal,right,564
storage,internal,right,565
retrieval,external,right,7
storage,internal,right,566
storage,internal,right,567
storage,internal,right,568
storage,internal,right,569
retrieval,external,right,496
storage,internal,right,570
storage,internal,right,571
storage,internal,right,572
storage,internal,right,573
retrieval,external,right,153
retrieval,external,right,323
storage,internal,right,574
retrieval,external,right,366
retrieval,external,right,500
retrieval,external,right,70
storage,internal,right,575
retrieval,external,right,287
retrieval,external,right,258
retrieval,external,right,337
storage,internal,right,576
storage,internal,right,577
retrieval,external,right,392
storage,internal,right,578
retrieval,external,right,1
storage,internal,right,579
storage,internal,right,580
storage,internal,right,581
retrieval,external,right,34
storage,internal,right,582
retrieval,external,right,152
storage,internal,right,583
storage,internal,right,584
retrieval,external,right,400
retrieval,external,right,284
storage,internal,right,585
retrieval,external,right,52
storage,internal,right,586
storage,internal,right,587
storage,internal,right,588
storage,internal,right,589
storage,internal,right,590
storage,internal,right,591
retrieval,external,right,474
storage,internal,right,592
retrieval,external,right,453
storage,internal,right,593
storage,internal,right,594
storage,internal,right,595
storage,internal,right,596
retrieval,external,right,112
storage,internal,right,597
storage,internal,right,598
storage,internal,right,599
storage,internal,right,600
retrieval,external,right,322
storage,internal,right,601
storage,internal,right,602
retrieval,external,right,191
storage,internal,right,603
storage,internal,right,604
retrieval,external,right,383
retrieval,external,right,305
retrieval,external,right,442
retrieval,external,right,385
retrieval,external,right,134
retrieval,external,right,96
storage,internal,right,605
retrieval,external,right,38
storage,internal,right,606
retrieval,external,right,347
retrieval,external,right,88
storage,internal,right,607
retrieval,external,right,113
storage,internal,right,608
storage,internal,right,609
retrieval,external,right,15
retrieval,external,right,314
storage,internal,right,610
storage,internal,right,611
storage,internal,right,612
retrieval,external,right,429
retrieval,external,right,29
storage,internal,right,613
storage,internal,right,614
storage,internal,right,615
storage,internal,right,616
storage,internal,right,617
storage,internal,right,618
retrieval,external,right,370
storage,internal,right,619
retrieval,external,right,467
retrieval,external,right,268
retrieval,external,right,179
retrieval,external,right,202
retrieval,external,right,492
storage,internal,right,620
storage,internal,right,621
retrieval,external,right,484
retrieval,external,right,404
storage,internal,right,622
retrieval,external,right,481
retrieval,external,right,102
storage,internal,right,623
retrieval,external,right,447
storage,internal,right,624
storage,internal,right,625
storage,internal,right,626
retrieval,external,right,166
storage,internal,right,627
storage,internal,right,628
retrieval,external,right,51
retrieval,external,right,301
storage,internal,right,629
retrieval,external,right,229
retrieval,external,right,154
retrieval,external,right,231
storage,internal,right,630
storage,internal,right,631
retrieval,external,right,389
storage,internal,right,632
retrieval,external,right,23
retrieval,external,right,310
retrieval,external,right,393
storage,internal,right,633
storage,internal,right,634
storage,internal,right,635
storage,internal,right,636
storage,internal,right,637
storage,internal,right,638
retrieval,external,right,422
storage,internal,right,639
storage,internal,right,640
storage,internal,right,641
retrieval,external,right,37
storage,internal,right,642
storage,internal,right,643
retrieval,external,right,79
storage,internal,right,644
storage,internal,right,645
retrieval,external,right,172
storage,internal,right,646
storage,internal,right,647
storage,internal,right,648
retrieval,external,right,243
retrieval,external,right,325
retrieval,external,right,39
retrieval,external,right,362
retrieval,external,right,137
storage,internal,right,649
retrieval,external,right,540
storage,internal,right,650
retrieval,external,right,249
retrieval,external,right,26
storage,internal,right,651
storage,internal,right,652
storage,internal,right,653
storage,internal,right,654
storage,internal,right,655
storage,internal,right,656
retrieval,external,right,138
retrieval,external,right,182
storage,internal,right,657
storage,internal,right,658
storage,internal,right,659
retrieval,external,right,363
retrieval,external,right,20
storage,internal,right,660
storage,internal,right,661
storage,internal,right,662
retrieval,external,right,126
retrieval,external,right,367
storage,internal,right,663
storage,internal,right,664
retrieval,external,right,97
storage,internal,right,665
storage,internal,right,666
storage,internal,right,667
retrieval,external,right,349
retrieval,external,right,546
retrieval,external,right,259
storage,internal,right,668
retrieval,external,right,50
storage,internal,right,669
storage,internal,right,670
storage,internal,right,671
retrieval,external,right,354
retrieval,external,right,197
retrieval,external,right,105
storage,internal,right,672
retrieval,external,right,286
retrieval,external,right,142
storage,internal,right,673
storage,internal,right,674
storage,internal,right,675
retrieval,external,right,468
storage,internal,right,676
retrieval,external,right,506
retrieval,external,right,394
retrieval,external,right,222
storage,internal,right,677
storage,internal,right,678
retrieval,external,right,365
retrieval,external,right,527
storage,internal,right,679
retrieval,external,right,17
retrieval,external,right,498
storage,internal,right,680
retrieval,external,right,556
storage,internal,right,681
storage,internal,right,682
retrieval,external,right,174
storage,internal,right,683
storage,internal,right,684
retrieval,external,right,303
retrieval,external,right,78
storage,internal,right,685
retrieval,external,right,450
storage,internal,right,686
storage,internal,right,687
storage,internal,right,688
storage,internal,right,689
storage,internal,right,690
retrieval,external,right,432
retrieval,external,right,384
storage,internal,right,691
storage,internal,right,692
storage,internal,right,693
retrieval,external,right,173
retrieval,external,right,296
storage,internal,right,694
retrieval,external,right,507
retrieval,external,right,209
storage,internal,right,695
retrieval,external,right,139
storage,internal,right,696
retrieval,external,right,355
retrieval,external,right,73
retrieval,external,right,75
storage,internal,right,697
retrieval,external,right,445
storage,internal,right,698
retrieval,external,right,65
retrieval,external,right,535
storage,internal,right,699
retrieval,external,right,567
retrieval,external,right,375
storage,internal,right,700
storage,internal,right,701
storage,internal,right,702
retrieval,external,right,85
storage,internal,right,703
retrieval,external,right,131
storage,internal,right,704
storage,internal,right,705
storage,internal,right,706
storage,internal,right,707
retrieval,external,right,77
retrieval,external,right,342
storage,internal,right,708
storage,internal,right,709
storage,internal,right,710
storage,internal,right,711
retrieval,external,right,504
storage,internal,right,712
storage,internal,right,713
storage,internal,right,714
storage,internal,right,715
storage,internal,right,716
storage,internal,right,717
retrieval,external,right,233
storage,internal,right,718
storage,internal,right,719
retrieval,external,right,503
retrieval,external,right,98
storage,internal,right,720
storage,internal,right,721
storage,internal,right,722
retrieval,external,right,497
storage,internal,right,723
retrieval,external,right,526
retrieval,external,right,408
retrieval,external,right,8
retrieval,external,right,265
storage,internal,right,724
retrieval,external,right,449
storage,internal,right,725
storage,internal,right,726
retrieval,external,right,587
retrieval,external,right,235
storage,internal,right,727
retrieval,external,right,398
retrieval,external,right,230
retrieval,external,right,56
retrieval,external,right,64
storage,internal,right,728
storage,internal,right,729
storage,internal,right,730
storage,internal,right,731
retrieval,external,right,577
storage,internal,right,732
storage,internal,right,733
storage,internal,right,734
storage,internal,right,735
retrieval,external,right,53
retrieval,external,right,136
storage,internal,right,736
storage,internal,right,737
retrieval,external,right,529
retrieval,external,right,517
retrieval,external,right,36
storage,internal,right,738
retrieval,external,right,333
storage,internal,right,739
storage,internal,right,740
retrieval,external,right,589
storage,internal,right,741
storage,internal,right,742
storage,internal,right,743
retrieval,external,right,71
retrieval,external,right,571
retrieval,external,right,320
storage,internal,right,744
retrieval,external,right,157
retrieval,external,right,297
storage,internal,right,745
retrieval,external,right,352
retrieval,external,right,69
storage,internal,right,746
retrieval,external,right,313
retrieval,external,right,164
retrieval,external,right,232
storage,internal,right,747
retrieval,external,right,280
storage,internal,right,748
storage,internal,right,749
retrieval,external,right,586
retrieval,external,right,185
storage,internal,right,750
storage,internal,right,751
storage,internal,right,752
retrieval,external,right,435
retrieval,external,right,215
retrieval,external,right,163
storage,internal,right,753
storage,internal,right,754
storage,internal,right,755
storage,internal,right,756
retrieval,external,right,178
storage,internal,right,757
storage,internal,right,758
storage,internal,right,759
retrieval,external,right,563
retrieval,external,right,542
storage,internal,right,760
retrieval,external,right,245
retrieval,external,right,5
retrieval,external,right,641
retrieval,external,right,293
retrieval,external,right,547
storage,internal,right,761
retrieval,external,right,475
retrieval,external,right,489
retrieval,external,right,253
storage,internal,right,762
retrieval,external,right,439
storage,internal,right,763
retrieval,external,right,597
storage,internal,right,764
retrieval,external,right,150
storage,internal,right,765
storage,internal,right,766
storage,internal,right,767
retrieval,external,right,421
retrieval,external,right,454
retrieval,external,right,19
storage,internal,right,768
retrieval,external,right,277
storage,internal,right,769
storage,internal,right,770
retrieval,external,right,143
retrieval,external,right,594
storage,internal,right,771
storage,internal,right,772
storage,internal,right,773
storage,internal,right,774
storage,internal,right,775
storage,internal,right,776
retrieval,external,right,390
storage,internal,right,777
retrieval,external,right,10
retrieval,external,right,263
storage,internal,right,778
storage,internal,right,779
storage,internal,right,780
storage,internal,right,781
storage,internal,right,782
storage,internal,right,783
retrieval,external,right,433
storage,internal,right,784
retrieval,external,right,339
storage,internal,right,785
storage,internal,right,786
retrieval,external,right,515
storage,internal,right,787
retrieval,external,right,401
storage,internal,right,788
storage,internal,right,789
retrieval,external,right,114
retrieval,external,right,168
storage,internal,right,790
retrieval,external,right,295
storage,internal,right,791
storage,internal,right,792
retrieval,external,right,512
storage,internal,right,793
retrieval,external,right,307
retrieval,external,right,309
retrieval,external,right,560
retrieval,external,right,92
storage,internal,right,794
retrieval,external,right,572
retrieval,external,right,346
storage,internal,right,795
storage,internal,right,796
storage,internal,right,797
retrieval,external,right,471
retrieval,external,right,604
retrieval,external,right,663
storage,internal,right,798
retrieval,external,right,598
storage,internal,right,799
retrieval,external,right,410
storage,internal,right,800
retrieval,external,right,550
storage,internal,right,801
storage,internal,right,802
retrieval,external,right,252
storage,internal,right,803
storage,internal,right,804
retrieval,external,right,505
retrieval,external,right,603
retrieval,external,right,458
storage,internal,right,805
retrieval,external,right,639
storage,internal,right,806
retrieval,external,right,416
retrieval,external,right,441
retrieval,external,right,360
retrieval,external,right,480
retrieval,external,right,651
storage,internal,right,807
retrieval,external,right,414
retrieval,external,right,290
retrieval,external,right,698
storage,internal,right,808
retrieval,external,right,544
retrieval,external,right,564
retrieval,external,right,43
storage,internal,right,809
storage,internal,right,810
retrieval,external,right,479
storage,internal,right,811
storage,internal,right,812
retrieval,external,right,361
storage,internal,right,813
storage,internal,right,814
retrieval,external,right,444
retrieval,external,right,201
retrieval,external,right,674
storage,internal,right,815
storage,internal,right,816
storage,internal,right,817
retrieval,external,right,536
storage,internal,right,818
retrieval,external,right,340
storage,internal,right,819
storage,internal,right,820
retrieval,external,right,677
storage,internal,right,821
storage,internal,right,822
retrieval,external,right,261
retrieval,external,right,419
retrieval,external,right,104
retrieval,external,right,2
storage,internal,right,823
storage,internal,right,824
retrieval,external,right,266
retrieval,external,right,614
storage,internal,right,825
storage,internal,right,826
storage,internal,right,827
retrieval,external,right,427
storage,internal,right,828
retrieval,external,right,485
retrieval,external,right,242
retrieval,external,right,300
storage,internal,right,829
retrieval,external,right,675
retrieval,external,right,377
retrieval,external,right,117
retrieval,external,right,372
storage,internal,right,830
storage,internal,right,831
retrieval,external,right,513
storage,internal,right,832
storage,internal,right,833
storage,internal,right,834
retrieval,external,right,59
retrieval,external,right,557
retrieval,external,right,176
storage,internal,right,835
storage,internal,right,836
storage,internal,right,837
retrieval,external,right,701
storage,internal,right,838
retrieval,external,right,46
retrieval,external,right,624
retrieval,external,right,217
storage,internal,right,839
retrieval,external,right,107
storage,internal,right,840
storage,internal,right,841
storage,internal,right,842
storage,internal,right,843
retrieval,external,right,568
storage,internal,right,844
retrieval,external,right,378
retrieval,external,right,446
storage,internal,right,845
storage,internal,right,846
retrieval,external,right,86
storage,internal,right,847
storage,internal,right,848
storage,internal,right,849
storage,internal,right,850
storage,internal,right,851
retrieval,external,right,158
storage,internal,right,852
storage,internal,right,853
retrieval,external,right,561
storage,internal,right,854
retrieval,external,right,694
retrieval,external,right,692
storage,internal,right,855
retrieval,external,right,275
storage,internal,right,856
storage,internal,right,857
retrieval,external,right,332
storage,internal,right,858
storage,internal,right,859
retrieval,external,right,464
storage,internal,right,860
storage,internal,right,861
storage,internal,right,862
retrieval,external,right,736
retrieval,external,right,687
storage,internal,right,863
retrieval,external,right,472
storage,internal,right,864
retrieval,external,right,707
storage,internal,right,865
retrieval,external,right,712
storage,internal,right,866
storage,internal,right,867
storage,internal,right,868
storage,internal,right,869
retrieval,external,right,218
storage,internal,right,870
retrieval,external,right,583
retrieval,external,right,122
storage,internal,right,871
retrieval,external,right,141
retrieval,external,right,219
storage,internal,right,872
retrieval,external,right,54
retrieval,external,right,423
storage,internal,right,873
storage,internal,right,874
retrieval,external,right,705
storage,internal,right,875
storage,internal,right,876
storage,internal,right,877
storage,internal,right,878
storage,internal,right,879
retrieval,external,right,317
retrieval,external,right,743
storage,internal,right,880
storage,internal,right,881
retrieval,external,right,208
storage,internal,right,882
storage,internal,right,883
storage,internal,right,884
storage,internal,right,885
storage,internal,right,886
storage,internal,right,887
retrieval,external,right,328
retrieval,external,right,90
storage,internal,right,888
storage,internal,right,889
retrieval,external,right,629
storage,internal,right,890
retrieval,external,right,82
storage,internal,right,891
storage,internal,right,892
retrieval,external,right,196
storage,internal,right,893
storage,internal,right,894
storage,internal,right,895
retrieval,external,right,437
storage,internal,right,896
retrieval,external,right,628
storage,internal,right,897
retrieval,external,right,306
storage,internal,right,898
storage,internal,right,899
storage,internal,right,900
retrieval,external,right,216
retrieval,external,right,402
retrieval,external,right,592
storage,internal,right,901
storage,internal,right,902
retrieval,external,right,125
storage,internal,right,903
retrieval,external,right,775
retrieval,external,right,47
retrieval,external,right,654
retrieval,external,right,327
storage,internal,right,904
retrieval,external,right,667
storage,internal,right,905
storage,internal,right,906
retrieval,external,right,582
retrieval,external,right,318
storage,internal,right,907
storage,internal,right,908
storage,internal,right,909
retrieval,external,right,631
retrieval,external,right,68
storage,internal,right,910
storage,internal,right,911
retrieval,external,right,695
retrieval,external,right,578
retrieval,external,right,285
storage,internal,right,912
storage,internal,right,913
storage,internal,right,914
retrieval,external,right,187
retrieval,external,right,267
storage,internal,right,915
storage,internal,right,916
storage,internal,right,917
storage,internal,right,918
storage,internal,right,919
storage,internal,right,920
storage,internal,right,921
storage,internal,right,922
retrieval,external,right,428
storage,internal,right,923
retrieval,external,right,669
storage,internal,right,924
storage,internal,right,925
retrieval,external,right,575
storage,internal,right,926
storage,internal,right,927
retrieval,external,right,539
storage,internal,right,928
retrieval,external,right,606
retrieval,external,right,731
retrieval,external,right,62
retrieval,external,right,656
storage,internal,right,929
storage,internal,right,930
storage,internal,right,931
storage,internal,right,932
retrieval,external,right,58
storage,internal,right,933
storage,internal,right,934
storage,internal,right,935
retrieval,external,right,814
storage,internal,right,936
retrieval,external,right,304
storage,internal,right,937
retrieval,external,right,625
retrieval,external,right,727
retrieval,external,right,769
storage,internal,right,938
retrieval,external,right,411
retrieval,external,right,302
storage,internal,right,939
storage,internal,right,940
retrieval,external,right,552
storage,internal,right,941
retrieval,external,right,460
retrieval,external,right,101
storage,internal,right,942
storage,internal,right,943
retrieval,external,right,699
storage,internal,right,944
storage,internal,right,945
storage,internal,right,946
storage,internal,right,947
retrieval,external,right,801
storage,internal,right,948
storage,internal,right,949
retrieval,external,right,409
retrieval,external,right,388
retrieval,external,right,478
storage,internal,right,950
storage,internal,right,951
retrieval,external,right,784
retrieval,external,right,116
retrieval,external,right,204
storage,internal,right,952
storage,internal,right,953
retrieval,external,right,774
retrieval,external,right,829
retrieval,external,right,618
storage,internal,right,954
storage,internal,right,955
storage,internal,right,956
retrieval,external,right,169
storage,internal,right,957
retrieval,external,right,549
retrieval,external,right,718
retrieval,external,right,424
storage,internal,right,958
retrieval,external,right,634
retrieval,external,right,145
storage,internal,right,959
retrieval,external,right,678
retrieval,external,right,711
retrieval,external,right,225
retrieval,external,right,596
storage,internal,right,960
retrieval,external,right,357
retrieval,external,right,465
retrieval,external,right,843
storage,internal,right,961
storage,internal,right,962
retrieval,external,right,813
storage,internal,right,963
storage,internal,right,964
retrieval,external,right,781
retrieval,external,right,374
storage,internal,right,965
retrieval,external,right,110
retrieval,external,right,211
retrieval,external,right,31
retrieval,external,right,3
storage,internal,right,966
retrieval,external,right,693
storage,internal,right,967
storage,internal,right,968
retrieval,external,right,758
storage,internal,right,969
storage,internal,right,970
retrieval,external,right,274
retrieval,external,right,581
storage,internal,right,971
storage,internal,right,972
storage,internal,right,973
storage,internal,right,974
storage,internal,right,975
retrieval,external,right,127
retrieval,external,right,144
storage,internal,right,976
retrieval,external,right,820
retrieval,external,right,212
retrieval,external,right,612
retrieval,external,right,462
storage,internal,right,977
storage,internal,right,978
storage,internal,right,979
retrieval,external,right,80
retrieval,external,right,247
retrieval,external,right,14
storage,internal,right,980
retrieval,external,right,691
storage,internal,right,981
storage,internal,right,982
retrieval,external,right,193
storage,internal,right,983
storage,internal,right,984
storage,internal,right,985
retrieval,external,right,282
retrieval,external,right,821
retrieval,external,right,543
retrieval,external,right,787
storage,internal,right,986
retrieval,external,right,782
retrieval,external,right,766
retrieval,external,right,470
retrieval,external,right,348
retrieval,external,right,493
retrieval,external,right,620
retrieval,external,right,795
storage,internal,right,987
retrieval,external,right,269
storage,internal,right,988
retrieval,external,right,873
storage,internal,right,989
retrieval,external,right,662
storage,internal,right,990
storage,internal,right,991
retrieval,external,right,175
storage,internal,right,992
retrieval,external,right,41
retrieval,external,right,810
storage,internal,right,993
retrieval,external,right,835
storage,internal,right,994
storage,internal,right,995
storage,internal,right,996
storage,internal,right,997
retrieval,external,right,291
storage,internal,right,998
retrieval,external,right,825
retrieval,external,right,853
storage,internal,right,999
retrieval,external,right,724
retrieval,external,right,516
storage,internal,right,1000
storage,internal,right,1001
retrieval,external,right,482
storage,internal,right,1002
retrieval,external,right,396
retrieval,external,right,648
retrieval,external,right,840
retrieval,external,right,155
retrieval,external,right,812
storage,internal,right,1003
storage,internal,right,1004
retrieval,external,right,723
storage,internal,right,1005
storage,internal,right,1006
storage,internal,right,1007
storage,internal,right,1008
storage,internal,right,1009
storage,internal,right,1010
storage,internal,right,1011
retrieval,external,right,851
storage,internal,right,1012
retrieval,external,right,871
storage,internal,right,1013
retrieval,external,right,520
storage,internal,right,1014
retrieval,external,right,796
retrieval,external,right,281
retrieval,external,right,580
storage,internal,right,1015
storage,internal,right,1016
retrieval,external,right,501
storage,internal,right,1017
retrieval,external,right,833
storage,internal,right,1018
storage,internal,right,1019
retrieval,external,right,859
retrieval,external,right,210
storage,internal,right,1020
retrieval,external,right,715
storage,internal,right,1021
retrieval,external,right,822
retrieval,external,right,234
retrieval,external,right,254
retrieval,external,right,67
storage,internal,right,1022
retrieval,external,right,868
retrieval,external,right,42
retrieval,external,right,836
retrieval,external,right,338
storage,internal,right,1023
storage,internal,right,1024
retrieval,external,right,742
retrieval,external,right,16
retrieval,external,right,916
retrieval,external,right,737
retrieval,external,right,299
storage,internal,right,1025
storage,internal,right,1026
storage,internal,right,1027
storage,internal,right,1028
storage,internal,right,1029
retrieval,external,right,27
retrieval,external,right,779
storage,internal,right,1030
storage,internal,right,1031
retrieval,external,right,499
retrieval,external,right,180
storage,internal,right,1032
storage,internal,right,1033
retrieval,external,right,248
storage,internal,right,1034
storage,internal,right,1035
retrieval,external,right,799
storage,internal,right,1036
storage,internal,right,1037
storage,internal,right,1038
storage,internal,right,1039
retrieval,external,right,856
retrieval,external,right,203
retrieval,external,right,688
storage,internal,right,1040
storage,internal,right,1041
retrieval,external,right,22
storage,internal,right,1042
retrieval,external,right,735
retrieval,external,right,584
storage,internal,right,1043
storage,internal,right,1044
storage,internal,right,1045
storage,internal,right,1046
retrieval,external,right,184
storage,internal,right,1047
storage,internal,right,1048
retrieval,external,right,167
storage,internal,right,1049
retrieval,external,right,351
retrieval,external,right,579
retrieval,external,right,849
storage,internal,right,1050
storage,internal,right,1051
retrieval,external,right,457
storage,internal,right,1052
retrieval,external,right,932
storage,internal,right,1053
retrieval,external,right,832
retrieval,external,right,511
storage,internal,right,1054
storage,internal,right,1055
retrieval,external,right,13
storage,internal,right,1056
storage,internal,right,1057
retrieval,external,right,151
retrieval,external,right,644
retrieval,external,right,574
storage,internal,right,1058
storage,internal,right,1059
retrieval,external,right,762
retrieval,external,right,283
retrieval,external,right,886
retrieval,external,right,689
storage,internal,right,1060
storage,internal,right,1061
retrieval,external,right,93
retrieval,external,right,905
storage,internal,right,1062
storage,internal,right,1063
storage,internal,right,1064
retrieval,external,right,128
storage,internal,right,1065
retrieval,external,right,652
storage,internal,right,1066
storage,internal,right,1067
storage,internal,right,1068
retrieval,external,right,681
retrieval,external,right,391
storage,internal,right,1069
retrieval,external,right,533
storage,internal,right,1070
retrieval,external,right,147
retrieval,external,right,852
retrieval,external,right,922
retrieval,external,right,880
retrieval,external,right,714
retrieval,external,right,483
storage,internal,right,1071
retrieval,external,right,413
retrieval,external,right,664
storage,internal,right,1072
storage,internal,right,1073
storage,internal,right,1074
retrieval,external,right,939
storage,internal,right,1075
storage,internal,right,1076
storage,internal,right,1077
retrieval,external,right,876
storage,internal,right,1078
storage,internal,right,1079
storage,internal,right,1080
storage,internal,right,1081
storage,internal,right,1082
retrieval,external,right,772
storage,internal,right,1083
retrieval,external,right,491
storage,internal,right,1084
storage,internal,right,1085
retrieval,external,right,848
storage,internal,right,1086
storage,internal,right,1087
retrieval,external,right,981
retrieval,external,right,975
storage,internal,right,1088
storage,internal,right,1089
retrieval,external,right,881
storage,internal,right,1090
retrieval,external,right,40
storage,internal,right,1091
retrieval,external,right,588
storage,internal,right,1092
retrieval,external,right,973
retrieval,external,right,316
storage,internal,right,1093
storage,internal,right,1094
retrieval,external,right,927
retrieval,external,right,335
retrieval,external,right,118
retrieval,external,right,672
storage,internal,right,1095
storage,internal,right,1096
retrieval,external,right,241
retrieval,external,right,726
retrieval,external,right,874
storage,internal,right,1097
retrieval,external,right,106
retrieval,external,right,653
retrieval,external,right,854
storage,internal,right,1098
retrieval,external,right,745
storage,internal,right,1099
storage,internal,right,1100
retrieval,external,right,951
storage,internal,right,1101
storage,internal,right,1102
retrieval,external,right,356
storage,internal,right,1103
storage,internal,right,1104
storage,internal,right,1105
retrieval,external,right,890
storage,internal,right,1106
storage,internal,right,1107
retrieval,external,right,312
storage,internal,right,1108
storage,internal,right,1109
storage,internal,right,1110
retrieval,external,right,273
storage,internal,right,1111
storage,internal,right,1112
retrieval,external,right,934
storage,internal,right,1113
retrieval,external,right,976
retrieval,external,right,915
retrieval,external,right,636
retrieval,external,right,972
storage,internal,right,1114
storage,internal,right,1115
storage,internal,right,1116
retrieval,external,right,963
storage,internal,right,1117
retrieval,external,right,903
retrieval,external,right,466
storage,internal,right,1118
retrieval,external,right,1012
retrieval,external,right,948
storage,internal,right,1119
retrieval,external,right,159
retrieval,external,right,1001
storage,internal,right,1120
storage,internal,right,1121
retrieval,external,right,936
retrieval,external,right,754
storage,internal,right,1122
storage,internal,right,1123
storage,internal,right,1124
storage,internal,right,1125
retrieval,external,right,912
retrieval,external,right,925
storage,internal,right,1126
storage,internal,right,1127
retrieval,external,right,974
retrieval,external,right,100
storage,internal,right,1128
retrieval,external,right,246
retrieval,external,right,980
storage,internal,right,1129
retrieval,external,right,933
retrieval,external,right,725
storage,internal,right,1130
storage,internal,right,1131
retrieval,external,right,878
storage,internal,right,1132
retrieval,external,right,860
retrieval,external,right,995
retrieval,external,right,729
storage,internal,right,1133
storage,internal,right,1134
retrieval,external,right,518
retrieval,external,right,519
storage,internal,right,1135
retrieval,external,right,276
retrieval,external,right,532
retrieval,external,right,1020
retrieval,external,right,837
retrieval,external,right,531
storage,internal,right,1136
retrieval,external,right,1026
storage,internal,right,1137
storage,internal,right,1138
storage,internal,right,1139
storage,internal,right,1140
storage,internal,right,1141
storage,internal,right,1142
retrieval,external,right,817
retrieval,external,right,991
retrieval,external,right,21
retrieval,external,right,733
retrieval,external,right,658
storage,internal,right,1143
storage,internal,right,1144
storage,internal,right,1145
retrieval,external,right,330
retrieval,external,right,950
storage,internal,right,1146
storage,internal,right,1147
storage,internal,right,1148
storage,internal,right,1149
storage,internal,right,1150
retrieval,external,right,1010
storage,internal,right,1151
retrieval,external,right,911
storage,internal,right,1152
retrieval,external,right,964
storage,internal,right,1153
retrieval,external,right,228
storage,internal,right,1154
storage,internal,right,1155
retrieval,external,right,807
storage,internal,right,1156
retrieval,external,right,647
storage,internal,right,1157
storage,internal,right,1158
storage,internal,right,1159
storage,internal,right,1160
retrieval,external,right,944
retrieval,external,right,1044
storage,internal,right,1161
storage,internal,right,1162
retrieval,external,right,649
retrieval,external,right,839
retrieval,external,right,717
storage,internal,right,1163
retrieval,external,right,1013
storage,internal,right,1164
storage,internal,right,1165
storage,internal,right,1166
storage,internal,right,1167
storage,internal,right,1168
storage,internal,right,1169
retrieval,external,right,341
retrieval,external,right,721
storage,internal,right,1170
retrieval,external,right,72
storage,internal,right,1171
storage,internal,right,1172
retrieval,external,right,523
retrieval,external,right,970
storage,internal,right,1173
retrieval,external,right,919
retrieval,external,right,502
storage,internal,right,1174
storage,internal,right,1175
retrieval,external,right,792
retrieval,external,right,650
storage,internal,right,1176
retrieval,external,right,673
storage,internal,right,1177
storage,internal,right,1178
storage,internal,right,1179
storage,internal,right,1180
storage,internal,right,1181
retrieval,external,right,676
storage,internal,right,1182
storage,internal,right,1183
storage,internal,right,1184
storage,internal,right,1185
storage,internal,right,1186
storage,internal,right,1187
retrieval,external,right,569
storage,internal,right,1188
storage,internal,right,1189
storage,internal,right,1190
storage,internal,right,1191
retrieval,external,right,638
retrieval,external,right,331
retrieval,external,right,1047
retrieval,external,right,895
storage,internal,right,1192
retrieval,external,right,659
storage,internal,right,1193
retrieval,external,right,573
retrieval,external,right,942
storage,internal,right,1194
storage,internal,right,1195
storage,internal,right,1196
storage,internal,right,1197
retrieval,external,right,510
storage,internal,right,1198
storage,internal,right,1199
retrieval,external,right,716
retrieval,external,right,872
retrieval,external,right,538
retrieval,external,right,1075
storage,internal,right,1200
storage,internal,right,1201
storage,internal,right,1202
storage,internal,right,1203
retrieval,external,right,909
storage,internal,right,1204
storage,internal,right,1205
storage,internal,right,1206
retrieval,external,right,1085
retrieval,external,right,937
storage,internal,right,1207
retrieval,external,right,703
storage,internal,right,1208
storage,internal,right,1209
retrieval,external,right,35
storage,internal,right,1210
retrieval,external,right,899
storage,internal,right,1211
storage,internal,right,1212
storage,internal,right,1213
storage,internal,right,1214
storage,internal,right,1215
retrieval,external,right,682
retrieval,external,right,866
retrieval,external,right,894
storage,internal,right,1216
storage,internal,right,1217
storage,internal,right,1218
storage,internal,right,1219
retrieval,external,right,1088
storage,internal,right,1220
retrieval,external,right,448
storage,internal,right,1221
retrieval,external,right,805
storage,internal,right,1222
retrieval,external,right,751
storage,internal,right,1223
storage,internal,right,1224
retrieval,external,right,666
storage,internal,right,1225
storage,internal,right,1226
storage,internal,right,1227
retrieval,external,right,841
retrieval,external,right,985
storage,internal,right,1228
storage,internal,right,1229
storage,internal,right,1230
retrieval,external,right,709
storage,internal,right,1231
storage,internal,right,1232
retrieval,external,right,958
storage,internal,right,1233
storage,internal,right,1234
storage,internal,right,1235
storage,internal,right,1236
storage,internal,right,1237
retrieval,external,right,1115
retrieval,external,right,600
storage,internal,right,1238
storage,internal,right,1239
storage,internal,right,1240
storage,internal,right,1241
storage,internal,right,1242
storage,internal,right,1243
storage,internal,right,1244
retrieval,external,right,1002
storage,internal,right,1245
storage,internal,right,1246
retrieval,external,right,655
retrieval,external,right,1090
storage,internal,right,1247
retrieval,external,right,637
retrieval,external,right,476
retrieval,external,right,1079
storage,internal,right,1248
storage,internal,right,1249
retrieval,external,right,986
retrieval,external,right,613
retrieval,external,right,790
retrieval,external,right,819
retrieval,external,right,999
storage,internal,right,1250
storage,internal,right,1251
retrieval,external,right,329
storage,internal,right,1252
storage,internal,right,1253
retrieval,external,right,763
retrieval,external,right,1061
storage,internal,right,1254
storage,internal,right,1255
retrieval,external,right,541
retrieval,external,right,803
storage,internal,right,1256
storage,internal,right,1257
retrieval,external,right,690
storage,internal,right,1258
retrieval,external,right,633
retrieval,external,right,798
retrieval,external,right,635
storage,internal,right,1259
retrieval,external,right,1129
storage,internal,right,1260
retrieval,external,right,1120
retrieval,external,right,1084
retrieval,external,right,213
storage,internal,right,1261
retrieval,external,right,1087
retrieval,external,right,1136
retrieval,external,right,617
storage,internal,right,1262
retrieval,external,right,898
retrieval,external,right,1053
storage,internal,right,1263
retrieval,external,right,823
storage,internal,right,1264
storage,internal,right,1265
storage,internal,right,1266
storage,internal,right,1267
storage,internal,right,1268
storage,internal,right,1269
retrieval,external,right,888
storage,internal,right,1270
retrieval,external,right,901
retrieval,external,right,935
retrieval,external,right,706
retrieval,external,right,1073
retrieval,external,right,278
storage,internal,right,1271
storage,internal,right,1272
retrieval,external,right,749
storage,internal,right,1273
retrieval,external,right,670
retrieval,external,right,864
storage,internal,right,1274
retrieval,external,right,156
retrieval,external,right,996
storage,internal,right,1275
retrieval,external,right,238
storage,internal,right,1276
retrieval,external,right,1144
storage,internal,right,1277
storage,internal,right,1278
retrieval,external,right,1152
retrieval,external,right,979
storage,internal,right,1279
retrieval,external,right,719
retrieval,external,right,990
retrieval,external,right,28
storage,internal,right,1280
storage,internal,right,1281
storage,internal,right,1282
storage,internal,right,1283
retrieval,external,right,198
retrieval,external,right,430
retrieval,external,right,509
storage,internal,right,1284
retrieval,external,right,753
storage,internal,right,1285
retrieval,external,right,722
retrieval,external,right,12
storage,internal,right,1286
storage,internal,right,1287
retrieval,external,right,804
storage,internal,right,1288
storage,internal,right,1289
retrieval,external,right,607
storage,internal,right,1290
retrieval,external,right,700
retrieval,external,right,627
