storage,internal,right,503
storage,internal,right,504
storage,internal,right,505
storage,internal,right,506
storage,internal,right,507
storage,internal,right,508
storage,internal,right,509
storage,internal,right,510
storage,internal,right,511
retrieval,external,right,325
retrieval,external,right,388
storage,internal,right,512
storage,internal,right,513
storage,internal,right,514
storage,internal,right,515
retrieval,external,right,36
retrieval,external,right,138
storage,internal,right,516
storage,internal,right,517
retrieval,external,right,142
retrieval,external,right,52
retrieval,external,right,148
retrieval,external,right,233
retrieval,external,right,56
storage,internal,right,518
storage,internal,right,519
retrieval,external,right,483
retrieval,external,right,179
retrieval,external,right,76
retrieval,external,right,85
retrieval,external,right,42
retrieval,external,right,395
retrieval,external,right,350
retrieval,external,right,316
storage,internal,right,520
storage,internal,right,521
retrieval,external,right,370
storage,internal,right,522
storage,internal,right,523
retrieval,external,right,134
retrieval,external,right,72
retrieval,external,right,102
storage,internal,right,524
retrieval,external,right,46
retrieval,external,right,198
storage,internal,right,525
retrieval,external,right,371
storage,internal,right,526
retrieval,external,right,323
retrieval,external,right,287
storage,internal,right,527
retrieval,external,right,286
storage,internal,right,528
retrieval,external,right,97
storage,internal,right,529
storage,internal,right,530
storage,internal,right,531
retrieval,external,right,377
storage,internal,right,532
storage,internal,right,533
storage,internal,right,534
retrieval,external,right,103
retrieval,external,right,345
storage,internal,right,535
storage,internal,right,536
storage,internal,right,537
storage,internal,right,538
retrieval,external,right,467
storage,internal,right,539
storage,internal,right,540
storage,internal,right,541
storage,internal,right,542
storage,internal,right,543
storage,internal,right,544
storage,internal,right,545
retrieval,external,right,305
storage,internal,right,546
retrieval,external,right,80
storage,internal,right,547
retrieval,external,right,82
storage,internal,right,548
retrieval,external,right,442
retrieval,external,right,299
storage,internal,right,549
storage,internal,right,550
retrieval,external,right,349
retrieval,external,right,298
storage,internal,right,551
retrieval,external,right,500
storage,internal,right,552
retrieval,external,right,410
retrieval,external,right,458
storage,internal,right,553
storage,internal,right,554
retrieval,external,right,440
retrieval,external,right,193
retrieval,external,right,454
storage,internal,right,555
storage,internal,right,556
retrieval,external,right,31
retrieval,external,right,183
retrieval,external,right,89
storage,internal,right,557
retrieval,external,right,296
retrieval,external,right,207
storage,internal,right,558
storage,internal,right,559
retrieval,external,right,373
storage,internal,right,560
storage,internal,right,561
storage,internal,right,562
storage,internal,right,563
retrieval,external,right,239
storage,internal,right,564
storage,internal,right,565
storage,internal,right,566
retrieval,external,right,386
storage,internal,right,567
retrieval,external,right,462
storage,internal,right,568
retrieval,external,right,312
storage,internal,right,569
storage,internal,right,570
storage,internal,right,571
retrieval,external,right,297
retrieval,external,right,78
retrieval,external,right,196
storage,internal,right,572
storage,internal,right,573
retrieval,external,right,182
storage,internal,right,574
retrieval,external,right,303
storage,internal,right,575
storage,internal,right,576
retrieval,external,right,245
storage,internal,right,577
retrieval,external,right,99
retrieval,external,right,376
retrieval,external,right,21
storage,internal,right,578
retrieval,external,right,57
storage,internal,right,579
retrieval,external,right,334
retrieval,external,right,68
retrieval,external,right,254
retrieval,external,right,206
storage,internal,right,580
storage,internal,right,581
storage,internal,right,582
retrieval,external,right,358
storage,internal,right,583
storage,internal,right,584
retrieval,external,right,335
storage,internal,right,585
retrieval,external,right,69
storage,internal,right,586
retrieval,external,right,111
storage,internal,right,587
storage,internal,right,588
storage,internal,right,589
storage,internal,right,590
retrieval,external,right,121
retrieval,external,right,184
retrieval,external,right,166
retrieval,external,right,116
storage,internal,right,591
storage,internal,right,592
retrieval,external,right,84
retrieval,external,right,95
storage,internal,right,593
storage,internal,right,594
retrieval,external,right,366
storage,internal,right,595
storage,internal,right,596
storage,internal,right,597
storage,internal,right,598
retrieval,external,right,93
retrieval,external,right,4
storage,internal,right,599
storage,internal,right,600
retrieval,external,right,16
retrieval,external,right,262
storage,internal,right,601
storage,internal,right,602
storage,internal,right,603
storage,internal,right,604
retrieval,external,right,40
storage,internal,right,605
retrieval,external,right,241
storage,internal,right,606
retrieval,external,right,218
retrieval,external,right,471
retrieval,external,right,98
storage,internal,right,607
retrieval,external,right,108
storage,internal,right,608
retrieval,external,right,437
storage,internal,right,609
storage,internal,right,610
retrieval,external,right,74
retrieval,external,right,276
storage,internal,right,611
retrieval,external,right,109
retrieval,external,right,438
storage,internal,right,612
storage,internal,right,613
retrieval,external,right,293
retrieval,external,right,49
storage,internal,right,614
storage,internal,right,615
retrieval,external,right,389
retrieval,external,right,444
storage,internal,right,616
retrieval,external,right,457
retrieval,external,right,204
retrieval,external,right,396
storage,internal,right,617
storage,internal,right,618
retrieval,external,right,277
storage,internal,right,619
storage,internal,right,620
storage,internal,right,621
retrieval,external,right,44
storage,internal,right,622
storage,internal,right,623
retrieval,external,right,338
storage,internal,right,624
retrieval,external,right,281
storage,internal,right,625
storage,internal,right,626
storage,internal,right,627
storage,internal,right,628
storage,internal,right,629
retrieval,external,right,324
storage,internal,right,630
retrieval,external,right,43
storage,internal,right,631
retrieval,external,right,435
storage,internal,right,632
retrieval,external,right,141
storage,internal,right,633
retrieval,external,right,200
retrieval,external,right,251
storage,internal,right,634
storage,internal,right,635
storage,internal,right,636
storage,internal,right,637
retrieval,external,right,267
storage,internal,right,638
storage,internal,right,639
storage,internal,right,640
storage,internal,right,641
storage,internal,right,642
storage,internal,right,643
storage,internal,right,644
retrieval,external,right,319
storage,internal,right,645
retrieval,external,right,510
retrieval,external,right,506
retrieval,external,right,496
storage,internal,right,646
storage,internal,right,647
storage,internal,right,648
retrieval,external,right,199
retrieval,external,right,185
retrieval,external,right,480
retrieval,external,right,161
storage,internal,right,649
storage,internal,right,650
storage,internal,right,651
storage,internal,right,652
retrieval,external,right,302
storage,internal,right,653
retrieval,external,right,62
storage,internal,right,654
retrieval,external,right,156
retrieval,external,right,128
retrieval,external,right,92
retrieval,external,right,459
retrieval,external,right,329
retrieval,external,right,429
retrieval,external,right,20
storage,internal,right,655
storage,internal,right,656
storage,internal,right,657
storage,internal,right,658
storage,internal,right,659
retrieval,external,right,484
storage,internal,right,660
retrieval,external,right,172
storage,internal,right,661
retrieval,external,right,272
retrieval,external,right,300
storage,internal,right,662
storage,internal,right,663
storage,internal,right,664
retrieval,external,right,159
retrieval,external,right,491
storage,internal,right,665
retrieval,external,right,247
retrieval,external,right,139
retrieval,external,right,117
storage,internal,right,666
storage,internal,right,667
retrieval,external,right,445
retrieval,external,right,481
storage,internal,right,668
storage,internal,right,669
retrieval,external,right,519
storage,internal,right,670
retrieval,external,right,227
retrieval,external,right,337
retrieval,external,right,154
retrieval,external,right,73
storage,internal,right,671
storage,internal,right,672
retrieval,external,right,174
retrieval,external,right,59
storage,internal,right,673
retrieval,external,right,342
retrieval,external,right,475
storage,internal,right,674
retrieval,external,right,495
storage,internal,right,675
storage,internal,right,676
storage,internal,right,677
storage,internal,right,678
retrieval,external,right,115
retrieval,external,right,195
storage,internal,right,679
retrieval,external,right,488
storage,internal,right,680
retrieval,external,right,77
retrieval,external,right,455
storage,internal,right,681
storage,internal,right,682
storage,internal,right,683
storage,internal,right,684
retrieval,external,right,101
retrieval,external,right,397
retrieval,external,right,219
storage,internal,right,685
storage,internal,right,686
storage,internal,right,687
storage,internal,right,688
retrieval,external,right,309
storage,internal,right,689
retrieval,external,right,470
retrieval,external,right,1
retrieval,external,right,265
storage,internal,right,690
retrieval,external,right,489
retrieval,external,right,361
retrieval,external,right,407
retrieval,external,right,551
retrieval,external,right,490
retrieval,external,right,382
retrieval,external,right,411
storage,internal,right,691
retrieval,external,right,540
storage,internal,right,692
retrieval,external,right,11
storage,internal,right,693
storage,internal,right,694
retrieval,external,right,577
retrieval,external,right,292
storage,internal,right,695
storage,internal,right,696
retrieval,external,right,187
retrieval,external,right,409
storage,internal,right,697
retrieval,external,right,453
retrieval,external,right,252
retrieval,external,right,375
retrieval,external,right,590
retrieval,external,right,560
storage,internal,right,698
retrieval,external,right,572
storage,internal,right,699
storage,internal,right,700
retrieval,external,right,211
storage,internal,right,701
retrieval,external,right,369
storage,internal,right,702
storage,internal,right,703
storage,internal,right,704
retrieval,external,right,398
retrieval,external,right,132
retrieval,external,right,226
retrieval,external,right,15
retrieval,external,right,340
retrieval,external,right,155
storage,internal,right,705
storage,internal,right,706
storage,internal,right,707
retrieval,external,right,170
retrieval,external,right,169
retrieval,external,right,313
retrieval,external,right,383
retrieval,external,right,550
storage,internal,right,708
retrieval,external,right,513
retrieval,external,right,118
retrieval,external,right,160
retrieval,external,right,535
retrieval,external,right,248
retrieval,external,right,47
storage,internal,right,709
retrieval,external,right,18
storage,internal,right,710
retrieval,external,right,307
storage,internal,right,711
storage,internal,right,712
retrieval,external,right,236
storage,internal,right,713
retrieval,external,right,140
retrieval,external,right,425
storage,internal,right,714
retrieval,external,right,5
retrieval,external,right,176
retrieval,external,right,279
retrieval,external,right,607
storage,internal,right,715
retrieval,external,right,576
storage,internal,right,716
retrieval,external,right,452
storage,internal,right,717
retrieval,external,right,205
storage,internal,right,718
storage,internal,right,719
retrieval,external,right,460
storage,internal,right,720
storage,internal,right,721
retrieval,external,right,246
retrieval,external,right,225
retrieval,external,right,466
retrieval,external,right,229
storage,internal,right,722
retrieval,external,right,58
retrieval,external,right,249
retrieval,external,right,586
retrieval,external,right,403
retrieval,external,right,123
storage,internal,right,723
retrieval,external,right,492
storage,internal,right,724
retrieval,external,right,60
storage,internal,right,725
storage,internal,right,726
storage,internal,right,727
retrieval,external,right,517
storage,internal,right,728
retrieval,external,right,301
retrieval,external,right,390
storage,internal,right,729
retrieval,external,right,479
retrieval,external,right,352
storage,internal,right,730
storage,internal,right,731
storage,internal,right,732
storage,internal,right,733
retrieval,external,right,399
retrieval,external,right,23
retrieval,external,right,22
retrieval,external,right,282
retrieval,external,right,147
retrieval,external,right,135
retrieval,external,right,137
storage,internal,right,734
retrieval,external,right,565
storage,internal,right,735
retrieval,external,right,151
retrieval,external,right,408
storage,internal,right,736
storage,internal,right,737
storage,internal,right,738
storage,internal,right,739
retrieval,external,right,646
retrieval,external,right,256
storage,internal,right,740
retrieval,external,right,162
retrieval,external,right,557
storage,internal,right,741
storage,internal,right,742
retrieval,external,right,623
storage,internal,right,743
retrieval,external,right,644
retrieval,external,right,532
storage,internal,right,744
retrieval,external,right,525
storage,internal,right,745
storage,internal,right,746
storage,internal,right,747
retrieval,external,right,614
storage,internal,right,748
storage,internal,right,749
retrieval,external,right,33
retrieval,external,right,639
retrieval,external,right,339
storage,internal,right,750
retrieval,external,right,505
storage,internal,right,751
retrieval,external,right,201
retrieval,external,right,365
retrieval,external,right,448
storage,internal,right,752
retrieval,external,right,96
retrieval,external,right,351
storage,internal,right,753
storage,internal,right,754
storage,internal,right,755
retrieval,external,right,378
retrieval,external,right,269
storage,internal,right,756
retrieval,external,right,592
retrieval,external,right,655
storage,internal,right,757
storage,internal,right,758
storage,internal,right,759
storage,internal,right,760
storage,internal,right,761
retrieval,external,right,529
storage,internal,right,762
retrieval,external,right,146
retrieval,external,right,381
retrieval,external,right,180
storage,internal,right,763
storage,internal,right,764
storage,internal,right,765
retrieval,external,right,431
retrieval,external,right,558
storage,internal,right,766
storage,internal,right,767
storage,internal,right,768
retrieval,external,right,326
storage,internal,right,769
storage,internal,right,770
storage,internal,right,771
storage,internal,right,772
retrieval,external,right,100
retrieval,external,right,105
retrieval,external,right,285
retrieval,external,right,230
storage,internal,right,773
storage,internal,right,774
retrieval,external,right,582
retrieval,external,right,441
retrieval,external,right,368
storage,internal,right,775
storage,internal,right,776
storage,internal,right,777
retrieval,external,right,149
retrieval,external,right,552
retrieval,external,right,527
storage,internal,right,778
storage,internal,right,779
retrieval,external,right,433
retrieval,external,right,354
retrieval,external,right,547
retrieval,external,right,362
storage,internal,right,780
retrieval,external,right,288
storage,internal,right,781
retrieval,external,right,367
storage,internal,right,782
retrieval,external,right,250
retrieval,external,right,289
storage,internal,right,783
storage,internal,right,784
storage,internal,right,785
storage,internal,right,786
retrieval,external,right,430
retrieval,external,right,626
retrieval,external,right,677
retrieval,external,right,545
retrieval,external,right,17
storage,internal,right,787
storage,internal,right,788
storage,internal,right,789
storage,internal,right,790
retrieval,external,right,524
storage,internal,right,791
storage,internal,right,792
storage,internal,right,793
retrieval,external,right,353
storage,internal,right,794
storage,internal,right,795
retrieval,external,right,28
storage,internal,right,796
retrieval,external,right,518
retrieval,external,right,401
storage,internal,right,797
retrieval,external,right,70
storage,internal,right,798
retrieval,external,right,516
retrieval,external,right,310
storage,internal,right,799
storage,internal,right,800
retrieval,external,right,468
retrieval,external,right,485
retrieval,external,right,385
retrieval,external,right,259
storage,internal,right,801
retrieval,external,right,215
storage,internal,right,802
retrieval,external,right,242
storage,internal,right,803
retrieval,external,right,322
storage,internal,right,804
retrieval,external,right,606
retrieval,external,right,580
retrieval,external,right,446
storage,internal,right,805
storage,internal,right,806
retrieval,external,right,508
storage,internal,right,807
storage,internal,right,808
storage,internal,right,809
retrieval,external,right,494
storage,internal,right,810
retrieval,external,right,589
storage,internal,right,811
storage,internal,right,812
storage,internal,right,813
retrieval,external,right,624
retrieval,external,right,681
storage,internal,right,814
retrieval,external,right,379
retrieval,external,right,498
retrieval,external,right,181
retrieval,external,right,502
storage,internal,right,815
storage,internal,right,816
retrieval,external,right,214
storage,internal,right,817
retrieval,external,right,523
storage,internal,right,818
storage,internal,right,819
retrieval,external,right,482
storage,internal,right,820
retrieval,external,right,87
storage,internal,right,821
storage,internal,right,822
storage,internal,right,823
storage,internal,right,824
storage,internal,right,825
storage,internal,right,826
storage,internal,right,827
storage,internal,right,828
retrieval,external,right,405
retrieval,external,right,463
retrieval,external,right,690
storage,internal,right,829
retrieval,external,right,451
storage,internal,right,830
storage,internal,right,831
storage,internal,right,832
storage,internal,right,833
storage,internal,right,834
storage,internal,right,835
retrieval,external,right,7
storage,internal,right,836
retrieval,external,right,486
storage,internal,right,837
storage,internal,right,838
retrieval,external,right,564
retrieval,external,right,202
storage,internal,right,839
storage,internal,right,840
retrieval,external,right,732
retrieval,external,right,114
storage,internal,right,841
storage,internal,right,842
retrieval,external,right,283
retrieval,external,right,456
storage,internal,right,843
retrieval,external,right,258
retrieval,external,right,450
retrieval,external,right,19
retrieval,external,right,611
storage,internal,right,844
storage,internal,right,845
storage,internal,right,846
retrieval,external,right,562
storage,internal,right,847
storage,internal,right,848
storage,internal,right,849
retrieval,external,right,63
retrieval,external,right,439
storage,internal,right,850
retrieval,external,right,493
retrieval,external,right,24
retrieval,external,right,704
storage,internal,right,851
retrieval,external,right,613
storage,internal,right,852
storage,internal,right,853
storage,internal,right,854
retrieval,external,right,733
storage,internal,right,855
retrieval,external,right,575
storage,internal,right,856
storage,internal,right,857
retrieval,external,right,501
retrieval,external,right,88
storage,internal,right,858
storage,internal,right,859
storage,internal,right,860
storage,internal,right,861
retrieval,external,right,346
retrieval,external,right,507
storage,internal,right,862
storage,internal,right,863
storage,internal,right,864
retrieval,external,right,158
storage,internal,right,865
storage,internal,right,866
storage,internal,right,867
storage,internal,right,868
retrieval,external,right,384
storage,internal,right,869
retrieval,external,right,534
storage,internal,right,870
storage,internal,right,871
retrieval,external,right,689
storage,internal,right,872
retrieval,external,right,9
retrieval,external,right,758
retrieval,external,right,487
retrieval,external,right,543
retrieval,external,right,374
storage,internal,right,873
storage,internal,right,874
storage,internal,right,875
storage,internal,right,876
retrieval,external,right,584
retrieval,external,right,544
retrieval,external,right,737
storage,internal,right,877
storage,internal,right,878
retrieval,external,right,512
retrieval,external,right,521
storage,internal,right,879
retrieval,external,right,717
storage,internal,right,880
storage,internal,right,881
retrieval,external,right,90
retrieval,external,right,573
storage,internal,right,882
storage,internal,right,883
storage,internal,right,884
storage,internal,right,885
retrieval,external,right,645
retrieval,external,right,769
storage,internal,right,886
storage,internal,right,887
storage,internal,right,888
retrieval,external,right,231
storage,internal,right,889
storage,internal,right,890
storage,internal,right,891
retrieval,external,right,110
storage,internal,right,892
retrieval,external,right,317
storage,internal,right,893
retrieval,external,right,659
retrieval,external,right,594
storage,internal,right,894
storage,internal,right,895
storage,internal,right,896
retrieval,external,right,363
retrieval,external,right,759
retrieval,external,right,61
storage,internal,right,897
storage,internal,right,898
retrieval,external,right,81
retrieval,external,right,522
retrieval,external,right,585
retrieval,external,right,67
retrieval,external,right,724
storage,internal,right,899
retrieval,external,right,785
retrieval,external,right,660
retrieval,external,right,570
retrieval,external,right,619
retrieval,external,right,705
retrieval,external,right,542
storage,internal,right,900
retrieval,external,right,771
retrieval,external,right,772
retrieval,external,right,50
storage,internal,right,901
retrieval,external,right,314
storage,internal,right,902
storage,internal,right,903
storage,internal,right,904
storage,internal,right,905
retrieval,external,right,641
storage,internal,right,906
storage,internal,right,907
retrieval,external,right,414
storage,internal,right,908
storage,internal,right,909
retrieval,external,right,244
retrieval,external,right,687
retrieval,external,right,663
storage,internal,right,910
storage,internal,right,911
retrieval,external,right,188
retrieval,external,right,372
retrieval,external,right,604
storage,internal,right,912
storage,internal,right,913
storage,internal,right,914
storage,internal,right,915
retrieval,external,right,264
storage,internal,right,916
storage,internal,right,917
retrieval,external,right,65
storage,internal,right,918
storage,internal,right,919
retrieval,external,right,497
storage,internal,right,920
retrieval,external,right,150
retrieval,external,right,228
storage,internal,right,921
retrieval,external,right,274
retrieval,external,right,777
retrieval,external,right,768
storage,internal,right,922
storage,internal,right,923
retrieval,external,right,210
storage,internal,right,924
retrieval,external,right,208
storage,internal,right,925
storage,internal,right,926
storage,internal,right,927
retrieval,external,right,782
retrieval,external,right,528
storage,internal,right,928
storage,internal,right,929
retrieval,external,right,718
storage,internal,right,930
retrieval,external,right,739
retrieval,external,right,620
retrieval,external,right,612
storage,internal,right,931
storage,internal,right,932
storage,internal,right,933
storage,internal,right,934
retrieval,external,right,776
storage,internal,right,935
storage,internal,right,936
storage,internal,right,937
storage,internal,right,938
retrieval,external,right,709
retrieval,external,right,129
storage,internal,right,939
retrieval,external,right,3
retrieval,external,right,220
storage,internal,right,940
retrieval,external,right,665
retrieval,external,right,12
storage,internal,right,941
retrieval,external,right,734
storage,internal,right,942
storage,internal,right,943
retrieval,external,right,666
storage,internal,right,944
storage,internal,right,945
storage,internal,right,946
storage,internal,right,947
retrieval,external,right,588
retrieval,external,right,635
retrieval,external,right,775
retrieval,external,right,192
storage,internal,right,948
retrieval,external,right,664
retrieval,external,right,831
retrieval,external,right,203
retrieval,external,right,735
storage,internal,right,949
retrieval,external,right,406
retrieval,external,right,762
storage,internal,right,950
storage,internal,right,951
retrieval,external,right,791
storage,internal,right,952
retrieval,external,right,651
storage,internal,right,953
storage,internal,right,954
storage,internal,right,955
retrieval,external,right,726
retrieval,external,right,38
storage,internal,right,956
storage,internal,right,957
storage,internal,right,958
retrieval,external,right,756
retrieval,external,right,745
retrieval,external,right,743
retrieval,external,right,574
retrieval,external,right,347
retrieval,external,right,763
storage,internal,right,959
storage,internal,right,960
retrieval,external,right,710
storage,internal,right,961
retrieval,external,right,715
storage,internal,right,962
storage,internal,right,963
retrieval,external,right,793
storage,internal,right,964
retrieval,external,right,593
storage,internal,right,965
retrieval,external,right,682
storage,internal,right,966
retrieval,external,right,415
storage,internal,right,967
storage,internal,right,968
storage,internal,right,969
retrieval,external,right,563
retrieval,external,right,621
storage,internal,right,970
retrieval,external,right,792
storage,internal,right,971
retrieval,external,right,610
retrieval,external,right,34
storage,internal,right,972
storage,internal,right,973
retrieval,external,right,331
storage,internal,right,974
storage,internal,right,975
storage,internal,right,976
storage,internal,right,977
retrieval,external,right,549
storage,internal,right,978
storage,internal,right,979
retrieval,external,right,848
storage,internal,right,980
retrieval,external,right,392
retrieval,external,right,649
retrieval,external,right,786
storage,internal,right,981
storage,internal,right,982
storage,internal,right,983
retrieval,external,right,177
retrieval,external,right,662
storage,internal,right,984
storage,internal,right,985
retrieval,external,right,53
retrieval,external,right,638
storage,internal,right,986
storage,internal,right,987
storage,internal,right,988
retrieval,external,right,696
storage,internal,right,989
storage,internal,right,990
retrieval,external,right,766
storage,internal,right,991
storage,internal,right,992
retrieval,external,right,752
storage,internal,right,993
retrieval,external,right,124
retrieval,external,right,64
storage,internal,right,994
retrieval,external,right,877
retrieval,external,right,145
retrieval,external,right,336
retrieval,external,right,541
storage,internal,right,995
retrieval,external,right,692
retrieval,external,right,864
storage,internal,right,996
storage,internal,right,997
storage,internal,right,998
storage,internal,right,999
retrieval,external,right,531
storage,internal,right,1000
storage,internal,right,1001
storage,internal,right,1002
retrieval,external,right,875
storage,internal,right,1003
storage,internal,right,1004
retrieval,external,right,473
storage,internal,right,1005
storage,internal,right,1006
retrieval,external,right,629
retrieval,external,right,168
retrieval,external,right,537
retrieval,external,right,827
storage,internal,right,1007
retrieval,external,right,394
retrieval,external,right,876
storage,internal,right,1008
retrieval,external,right,333
retrieval,external,right,601
retrieval,external,right,13
storage,internal,right,1009
retrieval,external,right,125
retrieval,external,right,263
retrieval,external,right,830
retrieval,external,right,260
storage,internal,right,1010
storage,internal,right,1011
storage,internal,right,1012
storage,internal,right,1013
retrieval,external,right,133
storage,internal,right,1014
storage,internal,right,1015
storage,internal,right,1016
retrieval,external,right,41
retrieval,external,right,356
retrieval,external,right,840
storage,internal,right,1017
storage,internal,right,1018
retrieval,external,right,112
retrieval,external,right,39
retrieval,external,right,860
storage,internal,right,1019
storage,internal,right,1020
storage,internal,right,1021
storage,internal,right,1022
retrieval,external,right,657
retrieval,external,right,71
retrieval,external,right,598
storage,internal,right,1023
retrieval,external,right,8
storage,internal,right,1024
retrieval,external,right,902
storage,internal,right,1025
storage,internal,right,1026
retrieval,external,right,647
storage,internal,right,1027
storage,internal,right,1028
storage,internal,right,1029
storage,internal,right,1030
retrieval,external,right,499
storage,internal,right,1031
retrieval,external,right,885
storage,internal,right,1032
storage,internal,right,1033
storage,internal,right,1034
retrieval,external,right,51
retrieval,external,right,893
retrieval,external,right,693
retrieval,external,right,854
storage,internal,right,1035
storage,internal,right,1036
storage,internal,right,1037
storage,internal,right,1038
storage,internal,right,1039
storage,internal,right,1040
storage,internal,right,1041
storage,internal,right,1042
retrieval,external,right,253
storage,internal,right,1043
storage,internal,right,1044
retrieval,external,right,703
retrieval,external,right,107
retrieval,external,right,806
storage,internal,right,1045
storage,internal,right,1046
retrieval,external,right,45
retrieval,external,right,35
storage,internal,right,1047
retrieval,external,right,266
retrieval,external,right,918
retrieval,external,right,311
storage,internal,right,1048
retrieval,external,right,55
retrieval,external,right,898
retrieval,external,right,131
retrieval,external,right,920
retrieval,external,right,54
storage,internal,right,1049
storage,internal,right,1050
retrieval,external,right,683
retrieval,external,right,922
storage,internal,right,1051
retrieval,external,right,702
retrieval,external,right,846
retrieval,external,right,631
storage,internal,right,1052
retrieval,external,right,402
storage,internal,right,1053
storage,internal,right,1054
storage,internal,right,1055
retrieval,external,right,836
retrieval,external,right,222
storage,internal,right,1056
retrieval,external,right,238
retrieval,external,right,511
retrieval,external,right,764
storage,internal,right,1057
storage,internal,right,1058
retrieval,external,right,843
retrieval,external,right,190
retrieval,external,right,873
retrieval,external,right,600
retrieval,external,right,404
storage,internal,right,1059
storage,internal,right,1060
retrieval,external,right,950
retrieval,external,right,79
storage,internal,right,1061
storage,internal,right,1062
retrieval,external,right,813
retrieval,external,right,235
storage,internal,right,1063
storage,internal,right,1064
retrieval,external,right,872
retrieval,external,right,780
storage,internal,right,1065
storage,internal,right,1066
retrieval,external,right,738
storage,internal,right,1067
retrieval,external,right,891
storage,internal,right,1068
storage,internal,right,1069
retrieval,external,right,6
retrieval,external,right,811
retrieval,external,right,958
retrieval,external,right,833
retrieval,external,right,890
storage,internal,right,1070
retrieval,external,right,686
storage,internal,right,1071
storage,internal,right,1072
retrieval,external,right,774
retrieval,external,right,903
retrieval,external,right,546
retrieval,external,right,719
retrieval,external,right,671
retrieval,external,right,436
storage,internal,right,1073
retrieval,external,right,870
storage,internal,right,1074
storage,internal,right,1075
storage,internal,right,1076
retrieval,external,right,632
storage,internal,right,1077
retrieval,external,right,819
storage,internal,right,1078
storage,internal,right,1079
storage,internal,right,1080
storage,internal,right,1081
retrieval,external,right,685
storage,internal,right,1082
retrieval,external,right,953
retrieval,external,right,947
storage,internal,right,1083
retrieval,external,right,581
storage,internal,right,1084
retrieval,external,right,171
storage,internal,right,1085
retrieval,external,right,757
storage,internal,right,1086
retrieval,external,right,561
retrieval,external,right,213
retrieval,external,right,916
retrieval,external,right,605
retrieval,external,right,189
storage,internal,right,1087
retrieval,external,right,306
retrieval,external,right,795
retrieval,external,right,275
retrieval,external,right,318
retrieval,external,right,808
retrieval,external,right,973
retrieval,external,right,120
retrieval,external,right,618
storage,internal,right,1088
storage,internal,right,1089
storage,internal,right,1090
storage,internal,right,1091
storage,internal,right,1092
retrieval,external,right,423
retrieval,external,right,755
storage,internal,right,1093
storage,internal,right,1094
storage,internal,right,1095
storage,internal,right,1096
storage,internal,right,1097
storage,internal,right,1098
storage,internal,right,1099
retrieval,external,right,255
storage,internal,right,1100
storage,internal,right,1101
retrieval,external,right,643
retrieval,external,right,847
retrieval,external,right,603
retrieval,external,right,553
storage,internal,right,1102
storage,internal,right,1103
retrieval,external,right,803
storage,internal,right,1104
retrieval,external,right,530
retrieval,external,right,700
retrieval,external,right,962
storage,internal,right,1105
storage,internal,right,1106
retrieval,external,right,911
retrieval,external,right,630
retrieval,external,right,224
retrieval,external,right,144
storage,internal,right,1107
retrieval,external,right,936
retrieval,external,right,971
storage,internal,right,1108
retrieval,external,right,86
storage,internal,right,1109
storage,internal,right,1110
retrieval,external,right,393
storage,internal,right,1111
storage,internal,right,1112
storage,internal,right,1113
storage,internal,right,1114
retrieval,external,right,474
storage,internal,right,1115
storage,internal,right,1116
storage,internal,right,1117
storage,internal,right,1118
retrieval,external,right,615
storage,internal,right,1119
retrieval,external,right,897
storage,internal,right,1120
retrieval,external,right,428
storage,internal,right,1121
retrieval,external,right,152
retrieval,external,right,783
retrieval,external,right,30
retrieval,external,right,939
retrieval,external,right,32
retrieval,external,right,859
storage,internal,right,1122
retrieval,external,right,894
storage,internal,right,1123
retrieval,external,right,956
storage,internal,right,1124
retrieval,external,right,754
storage,internal,right,1125
storage,internal,right,1126
retrieval,external,right,173
storage,internal,right,1127
storage,internal,right,1128
storage,internal,right,1129
retrieval,external,right,930
storage,internal,right,1130
storage,internal,right,1131
storage,internal,right,1132
retrieval,external,right,882
storage,internal,right,1133
storage,internal,right,1134
retrieval,external,right,678
storage,internal,right,1135
retrieval,external,right,591
retrieval,external,right,355
retrieval,external,right,194
retrieval,external,right,977
storage,internal,right,1136
storage,internal,right,1137
storage,internal,right,1138
retrieval,external,right,1019
storage,internal,right,1139
retrieval,external,right,596
storage,internal,right,1140
storage,internal,right,1141
storage,internal,right,1142
retrieval,external,right,569
retrieval,external,right,164
retrieval,external,right,731
retrieval,external,right,896
storage,internal,right,1143
retrieval,external,right,802
storage,internal,right,1144
retrieval,external,right,679
retrieval,external,right,967
storage,internal,right,1145
retrieval,external,right,868
retrieval,external,right,886
storage,internal,right,1146
retrieval,external,right,927
storage,internal,right,1147
storage,internal,right,1148
storage,internal,right,1149
storage,internal,right,1150
storage,internal,right,1151
storage,internal,right,1152
storage,internal,right,1153
retrieval,external,right,122
retrieval,external,right,127
storage,internal,right,1154
retrieval,external,right,857
retrieval,external,right,912
retrieval,external,right,993
retrieval,external,right,469
retrieval,external,right,986
storage,internal,right,1155
storage,internal,right,1156
retrieval,external,right,412
retrieval,external,right,243
retrieval,external,right,627
storage,internal,right,1157
retrieval,external,right,701
storage,internal,right,1158
retrieval,external,right,83
storage,internal,right,1159
retrieval,external,right,744
storage,internal,right,1160
storage,internal,right,1161
retrieval,external,right,94
storage,internal,right,1162
retrieval,external,right,838
storage,internal,right,1163
storage,internal,right,1164
retrieval,external,right,697
storage,internal,right,1165
retrieval,external,right,1062
retrieval,external,right,796
retrieval,external,right,924
storage,internal,right,1166
retrieval,external,right,934
storage,internal,right,1167
storage,internal,right,1168
storage,internal,right,1169
retrieval,external,right,514
storage,internal,right,1170
retrieval,external,right,1040
retrieval,external,right,959
retrieval,external,right,928
storage,internal,right,1171
storage,internal,right,1172
retrieval,external,right,533
retrieval,external,right,799
retrieval,external,right,1057
storage,internal,right,1173
storage,internal,right,1174
retrieval,external,right,980
storage,internal,right,1175
retrieval,external,right,360
retrieval,external,right,273
storage,internal,right,1176
storage,internal,right,1177
retrieval,external,right,622
retrieval,external,right,972
storage,internal,right,1178
storage,internal,right,1179
retrieval,external,right,1054
storage,internal,right,1180
retrieval,external,right,587
storage,internal,right,1181
retrieval,external,right,1035
storage,internal,right,1182
retrieval,external,right,223
storage,internal,right,1183
storage,internal,right,1184
retrieval,external,right,1075
storage,internal,right,1185
retrieval,external,right,424
storage,internal,right,1186
retrieval,external,right,883
storage,internal,right,1187
storage,internal,right,1188
retrieval,external,right,1023
retrieval,external,right,981
storage,internal,right,1189
retrieval,external,right,526
storage,internal,right,1190
storage,internal,right,1191
storage,internal,right,1192
storage,internal,right,1193
storage,internal,right,1194
storage,internal,right,1195
storage,internal,right,1196
retrieval,external,right,1045
retrieval,external,right,654
storage,internal,right,1197
storage,internal,right,1198
retrieval,external,right,278
retrieval,external,right,315
storage,internal,right,1199
retrieval,external,right,812
storage,internal,right,1200
storage,internal,right,1201
retrieval,external,right,548
retrieval,external,right,797
storage,internal,right,1202
retrieval,external,right,1042
retrieval,external,right,648
retrieval,external,right,987
storage,internal,right,1203
storage,internal,right,1204
storage,internal,right,1205
storage,internal,right,1206
retrieval,external,right,913
retrieval,external,right,721
storage,internal,right,1207
retrieval,external,right,556
storage,internal,right,1208
storage,internal,right,1209
retrieval,external,right,608
storage,internal,right,1210
storage,internal,right,1211
storage,internal,right,1212
storage,internal,right,1213
storage,internal,right,1214
retrieval,external,right,539
storage,internal,right,1215
storage,internal,right,1216
storage,internal,right,1217
storage,internal,right,1218
retrieval,external,right,538
retrieval,external,right,863
storage,internal,right,1219
retrieval,external,right,579
storage,internal,right,1220
storage,internal,right,1221
storage,internal,right,1222
storage,internal,right,1223
retrieval,external,right,804
retrieval,external,right,925
storage,internal,right,1224
retrieval,external,right,1109
retrieval,external,right,822
storage,internal,right,1225
retrieval,external,right,1098
retrieval,external,right,985
retrieval,external,right,989
retrieval,external,right,559
storage,internal,right,1226
retrieval,external,right,1017
storage,internal,right,1227
storage,internal,right,1228
storage,internal,right,1229
retrieval,external,right,946
storage,internal,right,1230
retrieval,external,right,1066
storage,internal,right,1231
retrieval,external,right,91
storage,internal,right,1232
storage,internal,right,1233
storage,internal,right,1234
storage,internal,right,1235
retrieval,external,right,1053
retrieval,external,right,814
retrieval,external,right,730
retrieval,external,right,862
storage,internal,right,1236
retrieval,external,right,197
retrieval,external,right,1082
retrieval,external,right,1014
retrieval,external,right,961
retrieval,external,right,617
storage,internal,right,1237
storage,internal,right,1238
storage,internal,right,1239
retrieval,external,right,157
storage,internal,right,1240
retrieval,external,right,343
retrieval,external,right,978
retrieval,external,right,688
retrieval,external,right,706
retrieval,external,right,1119
storage,internal,right,1241
retrieval,external,right,856
retrieval,external,right,658
retrieval,external,right,1113
storage,internal,right,1242
storage,internal,right,1243
retrieval,external,right,1034
storage,internal,right,1244
retrieval,external,right,858
retrieval,external,right,844
storage,internal,right,1245
retrieval,external,right,1005
storage,internal,right,1246
retrieval,external,right,476
storage,internal,right,1247
retrieval,external,right,1008
retrieval,external,right,1135
retrieval,external,right,669
retrieval,external,right,921
retrieval,external,right,504
storage,internal,right,1248
storage,internal,right,1249
retrieval,external,right,126
retrieval,external,right,905
retrieval,external,right,1052
retrieval,external,right,1059
retrieval,external,right,633
storage,internal,right,1250
retrieval,external,right,861
storage,internal,right,1251
retrieval,external,right,461
storage,internal,right,1252
storage,internal,right,1253
retrieval,external,right,1003
retrieval,external,right,261
storage,internal,right,1254
retrieval,external,right,765
